{"cameraMode":{"drawMode":0,"name":"Shaded","section":"Shading Mode"},"sceneLighting":false,"audioPlay":false,"sceneViewState":{"m_AlwaysRefresh":false,"showFog":true,"showSkybox":false,"showFlares":true,"showImageEffects":true,"showParticleSystems":true,"showVisualEffectGraphs":true,"m_FxEnabled":true},"in2DMode":false,"pivot":{"x":0.5216648578643799,"y":-0.7236681580543518,"z":2.4834649562835695},"rotation":{"x":-0.19666509330272675,"y":-0.05820401757955551,"z":0.011696199886500836,"w":-0.9786721467971802},"size":11.411661148071289,"orthographic":false}